"customer_id","email","first_name","last_name","street_name","post_code","city","password_c","phone_number","referral_by"
21461,"charles.clark@gmail.com","Charles","Clark","2668 Thompson Parkways","AB10","Aberdeen","9WW0yD)A!%","7816768273",53327
63155,"kim.martinez@gmail.com","Kim","Martinez","74241 Matthew Mews Suite 080","AB10","Aberdeen","#MMOSyynG2","727118591",11164
39325,"carol.doyle@gmail.com","Carol","Doyle","436 Costa Walk","PA19","Gourock","HJ3Mj6MiM(","7396713522",97791
68440,"kevin.schaefer@gmail.com","Kevin","Schaefer","2524 Kristina Fields","PA1","Paisley",")@@9fKTam#","7492356528",53648
84137,"kimberly.michael@gmail.com","Kimberly","Michael","1137 Paige Forge","DG1","Dumfries","5%8BO5drvm","7202694869",99776
45883,"christina.barnes@gmail.com","Christina","Barnes","1716 Elizabeth Stream","ML12","Biggar","IhP8ArLx$!","7370055984",18296
52861,"kimberly.carlson@gmail.com","Kimberly","Carlson","66541 Lindsey Expressway","KY1","Kirkcaldy","b#L_jx40#1","7605814049",36904
30627,"craig.montgomery@gmail.com","Craig","Montgomery","536 Samuel Land Suite 782","KY1","Kirkcaldy","&cJWcPg(r0","7771730531",21872
85171,"caleb.pena@gmail.com","Caleb","Pena","7630 Miller Trail Suite 570","G2","Glasgow","+ph*T4pOr4","7685961625",21872
10237,"cheryl.barnes@gmail.com","Cheryl","Barnes","7566 Joshua Coves Suite 491","DD1","Dundee","*P6PFes(+#","7402804317",53596
99776,"david.lee@gmail.com","David","Lee","54026 Russell Village","PA19","Gourock","x8F%1T)z*@","7713421908",59117
66133,"kelsey.fitzpatrick@gmail.com","Kelsey","Fitzpatrick","477 Cynthia Falls","EH8","Edinburgh","w#f6GWS5Qc","7936617640",61169
11164,"carrie.wilson@gmail.com","Carrie","Wilson","2427 Mills Club Suite 471","IV1","Inverness","+s!8pGttp(","7657002986",28787
21322,"gabrielle.williams@gmail.com","Gabrielle","Williams","9810 Pamela Mountain Apt. 360","DD10","Montrose","!f3)L9Xt0E","7900166933",75875
72294,"jeremy.davis@gmail.com","Jeremy","Davis","63810 Patel Drive","KY7","Glenrothes","_hSqd+6Pv9","7255840255",85450
46695,"olivia.murray@gmail.com","Olivia","Murray","369 Williams Walks Suite 779","G1","Glasgow","DpU4DDhTG$","7519734889",66596
83139,"derek.singleton@gmail.com","Derek","Singleton","127 Sheppard Street","KY7","Glenrothes","+#E6Uc5xDi","7521515806",49639
98950,"danielle.benton@gmail.com","Danielle","Benton","13137 Robert Road","KY7","Glenrothes","r$IqkzzJ)2","7273524576",66836
66320,"gina.white@gmail.com","Gina","White","03028 Denise Motorway Suite 179","PA19","Gourock","+8F&o10j8C","7341713749",25940
92193,"kurt.brown@gmail.com","Kurt","Brown","3208 Brandy Unions","G1","Glasgow","C+0T1tWk)$","7697601805",32225
25940,"audrey.contreras@gmail.com","Audrey","Contreras","891 Brian Crest","IV1","Inverness","A!7Nwwsi_0","7306355443",22172
28787,"daniel.short@gmail.com","Daniel","Short","731 Jones Run Suite 668","ML1","Motherwell","ziXl(Crg%6","7279193236",68172
79915,"kelly.bruce@gmail.com","Kelly","Bruce","35116 Samantha Trail Suite 998","KA1","Kilmarnock","5%N!eQkU%1","774914383",51570
97791,"laura.alexander@gmail.com","Laura","Alexander","454 Thomas Path Suite 061","KY1","Kirkcaldy","!BFyq2Eu4Q","7385741237",57468
78108,"matthew.sims@gmail.com","Matthew","Sims","0536 Jennifer Hills Apt. 020","DD10","Montrose","zrr3YwVDO^","7246206728",20420
80116,"charles.norton@gmail.com","Charles","Norton","3626 Villegas Turnpike","DG1","Dumfries","N@Zdu8NwHG","7121533277",40214
39135,"nicole.fuller@gmail.com","Nicole","Fuller","489 Stanley Freeway Suite 336","G1","Glasgow","#E0YvnFqGR","765610243",70015
51570,"angel.martinez@gmail.com","Angel","Martinez","42090 Roberts Village Suite 896","KY7","Glenrothes","VX+DdZRk&3","7896491493",30513
75875,"amber.turner@gmail.com","Amber","Turner","19774 Reynolds Skyway","AB22","Aberdeen","etU1Uocw!4","7435404174",23942
20420,"james.wright@gmail.com","James","Wright","46269 Johnathan Trail Apt. 595","KY7","Glenrothes","_!49UsniBi","730337754",96941
77203,"vanessa.rodriguez@gmail.com","Vanessa","Rodriguez","496 Morris Turnpike Apt. 473","DG1","Dumfries","&hmt9Hvzw@","7284075159",81531
18296,"kenneth.wheeler@gmail.com","Kenneth","Wheeler","9454 Wanda Glens","ML12","Biggar","mQ9^4Ox$p+","7353504087",81620
60249,"kathleen.wolfe@gmail.com","Kathleen","Wolfe","843 Michael Mews","AB22","Aberdeen","S0IoUlz1^t","7519054745",57468
90661,"benjamin.king@gmail.com","Benjamin","King","773 Samantha Ville","DG6","Castle Douglas","Dr(2V7$fr_","7962832577",57689
25653,"ashley.mcdowell@gmail.com","Ashley","Mcdowell","014 Meyer Place","KA1","Kilmarnock","&967q_Xd)s","7119867603",77099
25204,"charles.miller@gmail.com","Charles","Miller","80687 Castro Path","DG1","Dumfries","LN8m3bHbx^","7311705557",40214
47720,"jesus.smith@gmail.com","Jesus","Smith","393 Michelle Camp Apt. 574","IV1","Inverness","+Y4u0VwNb*","7899647698",68704
82286,"haley.walker@gmail.com","Haley","Walker","2008 Jon Plaza","KY7","Glenrothes","TbE*3Gqf+F","7285009943",22172
70873,"kathleen.delgado@gmail.com","Kathleen","Delgado","2450 Gabriel Turnpike","DG1","Dumfries","_a$W3tAci2","7697373685",90397
48734,"zachary.brown@gmail.com","Zachary","Brown","960 Underwood Park","IV1","Inverness","n*6eQy+lT)","7252637258",85450
36681,"jamie.massey@gmail.com","Jamie","Massey","375 Jose Prairie Apt. 153","DG1","Dumfries","dZ&4QTvf%2","7745593764",72061
78498,"maria.becker@gmail.com","Maria","Becker","59174 Shawna Course Suite 751","ML12","Biggar","X&Ava5VzcM","7432109920",57689
54247,"dave.carlson@gmail.com","Dave","Carlson","533 Michael Well","IV1","Inverness","Lpm6ACek&b","7457598674",23920
59332,"dylan.cooke@gmail.com","Dylan","Cooke","474 Linda Islands","ML1","Motherwell","NA9(8*CcYe","7902118678",21872
85529,"christopher.collins@gmail.com","Christopher","Collins","6129 Cynthia Glen Apt. 117","DD1","Dundee","lwX00gFl3(","7396948705",84598
72061,"linda.richardson@gmail.com","Linda","Richardson","90252 Bartlett Walks Apt. 768","AB10","Aberdeen","&j(uQlIyD1","7874202938",84598
88678,"dean.dunn@gmail.com","Dean","Dunn","395 Brooks Branch Apt. 785","KY1","Kirkcaldy","0h9W!Ylr*$","7936393784",81531
32225,"danny.cortez@gmail.com","Danny","Cortez","359 Pope Forge Suite 240","IV1","Inverness",")ssPHFui28","7679958198",11120
16512,"maxwell.fitzpatrick@gmail.com","Maxwell","Fitzpatrick","43243 Harris Ports","ML12","Biggar","u9TF2Z6fe!","7948335013",57689
70015,"cynthia.stout@gmail.com","Cynthia","Stout","062 Lawson Prairie Suite 944","DD10","Montrose","_4idIESx1a","7124888612",77099
79810,"vickie.bryant@gmail.com","Vickie","Bryant","53053 Amber Mews","DG6","Castle Douglas","*0HR#jjYe2","7141016100",61169
99216,"jeffrey.miller@gmail.com","Jeffrey","Miller","08772 Angela Walk Suite 161","DG1","Dumfries","vN4HJVCr(7","7502092866",49639
47131,"carolyn.lopez@gmail.com","Carolyn","Lopez","56321 Sarah Radial Suite 629","DD1","Dundee","(H4Wgii(f%","7205480551",47509
86922,"jeffrey.holland@gmail.com","Jeffrey","Holland","650 Gary Burg Apt. 627","KY7","Glenrothes","NB+2t2Br!1","7400044328",28569
23920,"michael.simpson@gmail.com","Michael","Simpson","1373 King Knoll Apt. 660","AB22","Aberdeen","z7P732At3%","7369238897",57689
81620,"julian.peterson@gmail.com","Julian","Peterson","239 Bond Field Suite 185","DG6","Castle Douglas","(J*X6Gao*4","7887386213",36904
55514,"jeremy.clark@gmail.com","Jeremy","Clark","367 Anna Square Apt. 634","DG1","Dumfries","jt$0)vLi$w","7575275032",77099
49639,"anthony.rodriguez@gmail.com","Anthony","Rodriguez","69489 Rodriguez Plain","EH8","Edinburgh","*y9HR9PX75","7497525940",30513
57468,"tara.hebert@gmail.com","Tara","Hebert","440 Billy Field","ML1","Motherwell","@m3EMmmdc)","7873288349",66014
85450,"maureen.nunez@gmail.com","Maureen","Nunez","33359 Mcmillan Path Suite 212","DD10","Montrose","*2^AB3RnPl","7237518330",30513
58905,"spencer.martin@gmail.com","Spencer","Martin","81771 Emily Underpass Apt. 433","EH8","Edinburgh","jSAz9G#r^5","7857459301",53648
89545,"robert.jones@gmail.com","Robert","Jones","2928 Erin Mountains","EH8","Edinburgh","d3YlFSLB#$","7281830485",36904
37674,"ryan.scott@gmail.com","Ryan","Scott","9055 Kathleen Plaza Apt. 579","KA1","Kilmarnock","l0Z7C7ie!(","7531591589",21872
21872,"thomas.best@gmail.com","Thomas","Best","9771 Brewer Estates","KA1","Kilmarnock","t*4O38arxT","7339438573",53648
11120,"amber.levy@gmail.com","Amber","Levy","766 Kimberly Islands Suite 995","KY1","Kirkcaldy","^8C0R)eunR","7619973511",90397
59117,"john.allen@gmail.com","John","Allen","1298 Courtney Drive Suite 968","ML1","Motherwell","Ah05Md5D5+","7470034492",74196
66596,"joshua.rice@gmail.com","Joshua","Rice","32465 Brown Mission","ML12","Biggar","zvycVOv7@0","7224983824",81531
25885,"gabriel.norton@gmail.com","Gabriel","Norton","77733 Boyd Parkways","DD10","Montrose","&y*ZVdoe2x","71091559",81531
53327,"emily.johnson@gmail.com","Emily","Johnson","804 Lisa Overpass Apt. 507","G1","Glasgow","t!AO6ThPLK","7866874797",40341
29222,"michael.solomon@gmail.com","Michael","Solomon","8682 Dennis Camp","PA19","Gourock","^0p^MnhaPI","718313678",90397
90397,"kevin.welch@gmail.com","Kevin","Welch","3087 Miller Center Apt. 857","G2","Glasgow","dA46SC*h+o","7552666283",97739
74196,"brian.hill@gmail.com","Brian","Hill","43868 Barbara Burg","DD1","Dundee","9cLXgGv9&9","7308032652",24105
38652,"tom.stewart@gmail.com","Tom","Stewart","8325 Tommy Brooks","DD1","Dundee","_4IzKU5z)8","7845726750",36904
28569,"brett.weaver@gmail.com","Brett","Weaver","8396 Samantha Locks","IV1","Inverness","(KEbLSdpx4","7445547487",66836
81531,"susan.yang@gmail.com","Susan","Yang","653 Keith Loaf Suite 424","AB10","Aberdeen","1Z_0SI8v80","7334378948",22172
40214,"william.miller@gmail.com","William","Miller","26444 Angela Knolls Apt. 243","DD10","Montrose","01NOyrtH+V","7957024890",66836
89054,"austin.bridges@gmail.com","Austin","Bridges","41788 Cohen Flat Apt. 842","AB22","Aberdeen","%9JO0)c_w5","7910301696",23942
53648,"james.yates@gmail.com","James","Yates","0852 Williams Curve Apt. 917","KY1","Kirkcaldy","Pu4Zyjv&A!","7727396503",53596
36904,"amanda.schultz@gmail.com","Amanda","Schultz","6957 Danielle Club Apt. 480","G1","Glasgow","Xq(1T!Br5G","779517343",96941
24105,"vincent.green@gmail.com","Vincent","Green","6236 Hernandez Alley Suite 737","DD10","Montrose","6A7U&!sve^","7912722839",57689
97739,"danny.mata@gmail.com","Danny","Mata","9104 Eaton Square","KA22","Ardrossan","5I3SDWf0*)","754217380",22172
53596,"tamara.kirby@gmail.com","Tamara","Kirby","4503 Daniel Junctions Apt. 652","DD10","Montrose","&7AI&1#pqB","7352279156",68704
22172,"caleb.moore@gmail.com","Caleb","Moore","678 Hernandez Trail","KA1","Kilmarnock","7WaX7##w^X","7626725994",68172
96941,"christina.smith@gmail.com","Christina","Smith","32541 Dixon Shores Suite 611","KY7","Glenrothes","c5+vLu2j*+","7331086495",57689
25114,"michelle.bailey@gmail.com","Michelle","Bailey","9213 Jacob Park","KY1","Kirkcaldy","J3Hzzr5$%8","7489686556",66014
68172,"michael.mitchell@gmail.com","Michael","Mitchell","35532 Nicole Terrace Suite 858","KA1","Kilmarnock","#4fyK^ZniQ","7846475716",47509
77099,"brenda.newman@gmail.com","Brenda","Newman","104 Cervantes Falls Apt. 640","DG1","Dumfries","#4LyGZcB(0","7458918843",61169
66836,"amy.day@gmail.com","Amy","Day","471 James Place Apt. 614","AB10","Aberdeen","W^#5i7EqXr","7348661911",23942
23942,"jessica.wilson@gmail.com","Jessica","Wilson","731 Romero Dam","EH8","Edinburgh","C%BB@8e9JY","784619407",66014
61169,"sean.wilson@gmail.com","Sean","Wilson","08069 Pearson Green","AB10","Aberdeen","iCx7yJPw+3","7414350141",69796
69796,"jessica.parker@gmail.com","Jessica","Parker","58267 Armstrong Fields Apt. 244","PA19","Gourock",")2cvQw)#CP","7990064656",57689
57689,"janet.cruz@gmail.com","Janet","Cruz","20815 Marshall Dam","PA19","Gourock","%92JIYvNp6","7942019433",84598
30513,"sarah.alvarez@gmail.com","Sarah","Alvarez","0743 Patterson Rue","EH1","Edinburgh","_i7vG7iJO6","754453944",68704
57944,"wendy.willis@gmail.com","Wendy","Willis","78128 Julie Extensions Apt. 753","ML12","Biggar","1+2Ghj^*bF","7735434426",66014
44333,"luke.moore@gmail.com","Luke","Moore","32665 Evans Fork","DD10","Montrose","fNR2bgWu*4","7218931130",68704
40341,"eric.pruitt@gmail.com","Eric","Pruitt","09792 Jillian Mills Suite 391","IV2","Inverness","U(c(%1DfP+","7760293216",66014
66014,"ronald.randall@gmail.com","Ronald","Randall","80658 George Estates","EH1","Edinburgh","X*u6BBG5Nb","7597780033",47509
68704,"anna.potter@gmail.com","Anna","Potter","4858 Olivia Cliff Suite 721","ML1","Motherwell","j@7OfhElpe","7931659891",47509
47509,"bonnie.morris@gmail.com","Bonnie","Morris","7910 Conner Green","IV2","Inverness","#f!(_CUo9P","7175983867",84598
84598,"ronald.allen@gmail.com","Ronald","Allen","6629 Davis Rue","ML12","Biggar","e4$6^JKfV1","7729977497",""
